"No.","Time","Source","Destination","Protocol","Length","Info"
"1","0.000000","192.168.3.6","8.8.8.8","ICMP","42","Echo (ping) request  id=0x0000, seq=0/0, ttl=42 (no response found!)"
"2","0.001778","192.168.3.6","8.8.8.8","ICMP","42","Echo (ping) request  id=0x0000, seq=0/0, ttl=42 (no response found!)"
"3","0.003570","192.168.3.6","8.8.8.8","ICMP","42","Echo (ping) request  id=0x0000, seq=0/0, ttl=42 (no response found!)"
"4","0.005301","192.168.3.6","8.8.8.8","ICMP","42","Echo (ping) request  id=0x0000, seq=0/0, ttl=42 (no response found!)"
"5","0.007089","192.168.3.6","8.8.8.8","ICMP","42","Echo (ping) request  id=0x0000, seq=0/0, ttl=42 (reply in 6)"
"7","0.011324","192.168.3.6","8.8.8.8","ICMP","42","Echo (ping) request  id=0x0000, seq=0/0, ttl=42 (no response found!)"
"8","0.012787","192.168.3.6","8.8.8.8","ICMP","42","Echo (ping) request  id=0x0000, seq=0/0, ttl=42 (reply in 9)"
"11","0.014605","192.168.3.6","8.8.8.8","ICMP","42","Echo (ping) request  id=0x0000, seq=0/0, ttl=42 (no response found!)"
"12","0.016084","192.168.3.6","8.8.8.8","ICMP","42","Echo (ping) request  id=0x0000, seq=0/0, ttl=42 (no response found!)"
"13","0.017712","192.168.3.6","8.8.8.8","ICMP","42","Echo (ping) request  id=0x0000, seq=0/0, ttl=42 (reply in 14)"
"15","0.019411","192.168.3.6","8.8.8.8","ICMP","42","Echo (ping) request  id=0x0000, seq=0/0, ttl=42 (reply in 16)"
"17","0.021095","192.168.3.6","8.8.8.8","ICMP","42","Echo (ping) request  id=0x0000, seq=0/0, ttl=42 (no response found!)"
"18","0.022784","192.168.3.6","8.8.8.8","ICMP","42","Echo (ping) request  id=0x0000, seq=0/0, ttl=42 (no response found!)"
"19","0.024431","192.168.3.6","8.8.8.8","ICMP","42","Echo (ping) request  id=0x0000, seq=0/0, ttl=42 (reply in 20)"
"22","0.026110","192.168.3.6","8.8.8.8","ICMP","42","Echo (ping) request  id=0x0000, seq=0/0, ttl=42 (reply in 23)"
"25","0.027893","192.168.3.6","8.8.8.8","ICMP","42","Echo (ping) request  id=0x0000, seq=0/0, ttl=42 (reply in 26)"
"27","0.029705","192.168.3.6","8.8.8.8","ICMP","42","Echo (ping) request  id=0x0000, seq=0/0, ttl=42 (reply in 28)"
"29","0.031533","192.168.3.6","8.8.8.8","ICMP","42","Echo (ping) request  id=0x0000, seq=0/0, ttl=42 (reply in 30)"
"32","0.033332","192.168.3.6","8.8.8.8","ICMP","42","Echo (ping) request  id=0x0000, seq=0/0, ttl=42 (no response found!)"
"33","0.035036","192.168.3.6","8.8.8.8","ICMP","42","Echo (ping) request  id=0x0000, seq=0/0, ttl=42 (reply in 34)"
"35","0.036608","192.168.3.6","8.8.8.8","ICMP","42","Echo (ping) request  id=0x0000, seq=0/0, ttl=42 (reply in 36)"
"37","0.038091","192.168.3.6","8.8.8.8","ICMP","42","Echo (ping) request  id=0x0000, seq=0/0, ttl=42 (reply in 38)"
"39","0.039818","192.168.3.6","8.8.8.8","ICMP","42","Echo (ping) request  id=0x0000, seq=0/0, ttl=42 (reply in 40)"
"41","0.041381","192.168.3.6","8.8.8.8","ICMP","42","Echo (ping) request  id=0x0000, seq=0/0, ttl=42 (reply in 42)"
"43","0.043163","192.168.3.6","8.8.8.8","ICMP","42","Echo (ping) request  id=0x0000, seq=0/0, ttl=42 (no response found!)"
"44","0.044678","192.168.3.6","8.8.8.8","ICMP","42","Echo (ping) request  id=0x0000, seq=0/0, ttl=42 (no response found!)"
"45","0.046206","192.168.3.6","8.8.8.8","ICMP","42","Echo (ping) request  id=0x0000, seq=0/0, ttl=42 (no response found!)"
"46","0.047963","192.168.3.6","8.8.8.8","ICMP","42","Echo (ping) request  id=0x0000, seq=0/0, ttl=42 (reply in 47)"
"48","0.049470","192.168.3.6","8.8.8.8","ICMP","42","Echo (ping) request  id=0x0000, seq=0/0, ttl=42 (no response found!)"
"49","0.051241","192.168.3.6","8.8.8.8","ICMP","42","Echo (ping) request  id=0x0000, seq=0/0, ttl=42 (reply in 50)"
"61","0.554060","192.168.3.6","8.8.8.8","ICMP","42","Echo (ping) request  id=0x0000, seq=0/0, ttl=42 (no response found!)"
"62","0.555898","192.168.3.6","8.8.8.8","ICMP","42","Echo (ping) request  id=0x0000, seq=0/0, ttl=42 (reply in 63)"
"65","1.059254","192.168.3.6","8.8.8.8","ICMP","42","Echo (ping) request  id=0x0000, seq=0/0, ttl=42 (reply in 66)"
"67","1.564040","192.168.3.6","8.8.8.8","ICMP","42","Echo (ping) request  id=0x0000, seq=0/0, ttl=42 (no response found!)"
"68","1.568041","192.168.3.6","8.8.8.8","ICMP","42","Echo (ping) request  id=0x0000, seq=0/0, ttl=42 (no response found!)"
"69","1.571616","192.168.3.6","8.8.8.8","ICMP","42","Echo (ping) request  id=0x0000, seq=0/0, ttl=42 (reply in 70)"
"73","2.076159","192.168.3.6","8.8.8.8","ICMP","42","Echo (ping) request  id=0x0000, seq=0/0, ttl=42 (no response found!)"
"74","2.580277","192.168.3.6","8.8.8.8","ICMP","42","Echo (ping) request  id=0x0000, seq=0/0, ttl=42 (reply in 75)"
"76","3.084670","192.168.3.6","8.8.8.8","ICMP","42","Echo (ping) request  id=0x0000, seq=0/0, ttl=42 (no response found!)"
"77","3.088139","192.168.3.6","8.8.8.8","ICMP","42","Echo (ping) request  id=0x0000, seq=0/0, ttl=42 (reply in 78)"
"80","3.591314","192.168.3.6","8.8.8.8","ICMP","42","Echo (ping) request  id=0x0000, seq=0/0, ttl=42 (reply in 81)"
"82","4.096757","192.168.3.6","8.8.8.8","ICMP","42","Echo (ping) request  id=0x0000, seq=0/0, ttl=42 (reply in 83)"
"84","4.600046","192.168.3.6","8.8.8.8","ICMP","42","Echo (ping) request  id=0x0000, seq=0/0, ttl=42 (no response found!)"
"85","4.602193","192.168.3.6","8.8.8.8","ICMP","42","Echo (ping) request  id=0x0000, seq=0/0, ttl=42 (no response found!)"
"86","4.604373","192.168.3.6","8.8.8.8","ICMP","42","Echo (ping) request  id=0x0000, seq=0/0, ttl=42 (reply in 87)"
"90","5.107254","192.168.3.6","8.8.8.8","ICMP","42","Echo (ping) request  id=0x0000, seq=0/0, ttl=42 (reply in 91)"
"92","5.612502","192.168.3.6","8.8.8.8","ICMP","42","Echo (ping) request  id=0x0000, seq=0/0, ttl=42 (no response found!)"
"93","5.616023","192.168.3.6","8.8.8.8","ICMP","42","Echo (ping) request  id=0x0000, seq=0/0, ttl=42 (reply in 94)"
"96","6.118890","192.168.3.6","8.8.8.8","ICMP","42","Echo (ping) request  id=0x0000, seq=0/0, ttl=42 (reply in 97)"
"98","6.621512","192.168.3.6","8.8.8.8","ICMP","42","Echo (ping) request  id=0x0000, seq=0/0, ttl=42 (no response found!)"
"99","6.623447","192.168.3.6","8.8.8.8","ICMP","42","Echo (ping) request  id=0x0000, seq=0/0, ttl=42 (reply in 100)"
"102","7.128179","192.168.3.6","8.8.8.8","ICMP","42","Echo (ping) request  id=0x0000, seq=0/0, ttl=42 (no response found!)"
"103","7.131375","192.168.3.6","8.8.8.8","ICMP","42","Echo (ping) request  id=0x0000, seq=0/0, ttl=42 (no response found!)"
"104","7.133202","192.168.3.6","8.8.8.8","ICMP","42","Echo (ping) request  id=0x0000, seq=0/0, ttl=42 (reply in 105)"
"108","7.635939","192.168.3.6","8.8.8.8","ICMP","42","Echo (ping) request  id=0x0000, seq=0/0, ttl=42 (no response found!)"
"109","7.637975","192.168.3.6","8.8.8.8","ICMP","42","Echo (ping) request  id=0x0000, seq=0/0, ttl=42 (reply in 110)"
"112","8.140613","192.168.3.6","8.8.8.8","ICMP","42","Echo (ping) request  id=0x0000, seq=0/0, ttl=42 (reply in 113)"
"114","8.644842","192.168.3.6","8.8.8.8","ICMP","42","Echo (ping) request  id=0x0000, seq=0/0, ttl=42 (no response found!)"
"115","8.648241","192.168.3.6","8.8.8.8","ICMP","42","Echo (ping) request  id=0x0000, seq=0/0, ttl=42 (no response found!)"
"116","8.651264","192.168.3.6","8.8.8.8","ICMP","42","Echo (ping) request  id=0x0000, seq=0/0, ttl=42 (reply in 117)"
"120","9.154069","192.168.3.6","8.8.8.8","ICMP","42","Echo (ping) request  id=0x0000, seq=0/0, ttl=42 (no response found!)"
"121","9.155944","192.168.3.6","8.8.8.8","ICMP","42","Echo (ping) request  id=0x0000, seq=0/0, ttl=42 (reply in 122)"
"124","9.659124","192.168.3.6","8.8.8.8","ICMP","42","Echo (ping) request  id=0x0000, seq=0/0, ttl=42 (no response found!)"
"125","9.661177","192.168.3.6","8.8.8.8","ICMP","42","Echo (ping) request  id=0x0000, seq=0/0, ttl=42 (no response found!)"
"126","9.663230","192.168.3.6","8.8.8.8","ICMP","42","Echo (ping) request  id=0x0000, seq=0/0, ttl=42 (no response found!)"
"127","9.665066","192.168.3.6","8.8.8.8","ICMP","42","Echo (ping) request  id=0x0000, seq=0/0, ttl=42 (reply in 128)"
"132","10.167723","192.168.3.6","8.8.8.8","ICMP","42","Echo (ping) request  id=0x0000, seq=0/0, ttl=42 (no response found!)"
"133","10.169452","192.168.3.6","8.8.8.8","ICMP","42","Echo (ping) request  id=0x0000, seq=0/0, ttl=42 (reply in 134)"
"136","10.671925","192.168.3.6","8.8.8.8","ICMP","42","Echo (ping) request  id=0x0000, seq=0/0, ttl=42 (no response found!)"
"137","10.673728","192.168.3.6","8.8.8.8","ICMP","42","Echo (ping) request  id=0x0000, seq=0/0, ttl=42 (reply in 138)"
"140","11.177761","192.168.3.6","8.8.8.8","ICMP","42","Echo (ping) request  id=0x0000, seq=0/0, ttl=42 (no response found!)"
"141","11.180127","192.168.3.6","8.8.8.8","ICMP","42","Echo (ping) request  id=0x0000, seq=0/0, ttl=42 (reply in 142)"
"144","11.683504","192.168.3.6","8.8.8.8","ICMP","42","Echo (ping) request  id=0x0000, seq=0/0, ttl=42 (no response found!)"
"145","11.685283","192.168.3.6","8.8.8.8","ICMP","42","Echo (ping) request  id=0x0000, seq=0/0, ttl=42 (reply in 146)"
"148","12.188262","192.168.3.6","8.8.8.8","ICMP","42","Echo (ping) request  id=0x0000, seq=0/0, ttl=42 (reply in 149)"
"150","12.692594","192.168.3.6","8.8.8.8","ICMP","42","Echo (ping) request  id=0x0000, seq=0/0, ttl=42 (reply in 151)"
"152","13.197059","192.168.3.6","8.8.8.8","ICMP","42","Echo (ping) request  id=0x0000, seq=0/0, ttl=42 (no response found!)"
"153","13.200403","192.168.3.6","8.8.8.8","ICMP","42","Echo (ping) request  id=0x0000, seq=0/0, ttl=42 (reply in 154)"
"156","13.704529","192.168.3.6","8.8.8.8","ICMP","42","Echo (ping) request  id=0x0000, seq=0/0, ttl=42 (reply in 157)"
"158","14.208179","192.168.3.6","8.8.8.8","ICMP","42","Echo (ping) request  id=0x0000, seq=0/0, ttl=42 (reply in 159)"
"160","14.711223","192.168.3.6","8.8.8.8","ICMP","42","Echo (ping) request  id=0x0000, seq=0/0, ttl=42 (no response found!)"
"161","14.713139","192.168.3.6","8.8.8.8","ICMP","42","Echo (ping) request  id=0x0000, seq=0/0, ttl=42 (reply in 162)"
"164","15.217380","192.168.3.6","8.8.8.8","ICMP","42","Echo (ping) request  id=0x0000, seq=0/0, ttl=42 (reply in 165)"
"166","15.721813","192.168.3.6","8.8.8.8","ICMP","42","Echo (ping) request  id=0x0000, seq=0/0, ttl=42 (no response found!)"
"167","15.724086","192.168.3.6","8.8.8.8","ICMP","42","Echo (ping) request  id=0x0000, seq=0/0, ttl=42 (reply in 168)"
"170","16.228353","192.168.3.6","8.8.8.8","ICMP","42","Echo (ping) request  id=0x0000, seq=0/0, ttl=42 (reply in 171)"
"172","16.731685","192.168.3.6","8.8.8.8","ICMP","42","Echo (ping) request  id=0x0000, seq=0/0, ttl=42 (no response found!)"
"173","16.733811","192.168.3.6","8.8.8.8","ICMP","42","Echo (ping) request  id=0x0000, seq=0/0, ttl=42 (reply in 174)"
"176","17.236852","192.168.3.6","8.8.8.8","ICMP","42","Echo (ping) request  id=0x0000, seq=0/0, ttl=42 (reply in 177)"
"178","17.741342","192.168.3.6","8.8.8.8","ICMP","42","Echo (ping) request  id=0x0000, seq=0/0, ttl=42 (no response found!)"
"179","17.744802","192.168.3.6","8.8.8.8","ICMP","42","Echo (ping) request  id=0x0000, seq=0/0, ttl=42 (reply in 180)"
"182","18.247821","192.168.3.6","8.8.8.8","ICMP","42","Echo (ping) request  id=0x0000, seq=0/0, ttl=42 (reply in 183)"
"184","18.750408","192.168.3.6","8.8.8.8","ICMP","42","Echo (ping) request  id=0x0000, seq=0/0, ttl=42 (reply in 185)"
"186","19.253165","192.168.3.6","8.8.8.8","ICMP","42","Echo (ping) request  id=0x0000, seq=0/0, ttl=42 (reply in 187)"
"188","19.755827","192.168.3.6","8.8.8.8","ICMP","42","Echo (ping) request  id=0x0000, seq=0/0, ttl=42 (no response found!)"
"189","19.757371","192.168.3.6","8.8.8.8","ICMP","42","Echo (ping) request  id=0x0000, seq=0/0, ttl=42 (reply in 190)"
"192","20.259943","192.168.3.6","8.8.8.8","ICMP","42","Echo (ping) request  id=0x0000, seq=0/0, ttl=42 (reply in 193)"
"194","20.764244","192.168.3.6","8.8.8.8","ICMP","42","Echo (ping) request  id=0x0000, seq=0/0, ttl=42 (no response found!)"
"195","20.767621","192.168.3.6","8.8.8.8","ICMP","42","Echo (ping) request  id=0x0000, seq=0/0, ttl=42 (reply in 196)"
"198","21.272289","192.168.3.6","8.8.8.8","ICMP","42","Echo (ping) request  id=0x0000, seq=0/0, ttl=42 (reply in 199)"
"200","21.775498","192.168.3.6","8.8.8.8","ICMP","42","Echo (ping) request  id=0x0000, seq=0/0, ttl=42 (reply in 201)"
"202","22.279403","192.168.3.6","8.8.8.8","ICMP","42","Echo (ping) request  id=0x0000, seq=0/0, ttl=42 (reply in 203)"
"204","22.785704","192.168.3.6","8.8.8.8","ICMP","42","Echo (ping) request  id=0x0000, seq=0/0, ttl=42 (reply in 205)"
"206","23.289704","192.168.3.6","8.8.8.8","ICMP","42","Echo (ping) request  id=0x0000, seq=0/0, ttl=42 (reply in 207)"
"208","23.793950","192.168.3.6","8.8.8.8","ICMP","42","Echo (ping) request  id=0x0000, seq=0/0, ttl=42 (no response found!)"
"209","23.797543","192.168.3.6","8.8.8.8","ICMP","42","Echo (ping) request  id=0x0000, seq=0/0, ttl=42 (no response found!)"
"210","23.800952","192.168.3.6","8.8.8.8","ICMP","42","Echo (ping) request  id=0x0000, seq=0/0, ttl=42 (reply in 211)"
"214","24.305057","192.168.3.6","8.8.8.8","ICMP","42","Echo (ping) request  id=0x0000, seq=0/0, ttl=42 (no response found!)"
"215","24.308390","192.168.3.6","8.8.8.8","ICMP","42","Echo (ping) request  id=0x0000, seq=0/0, ttl=42 (reply in 216)"
"218","24.811838","192.168.3.6","8.8.8.8","ICMP","42","Echo (ping) request  id=0x0000, seq=0/0, ttl=42 (reply in 219)"
"220","25.314901","192.168.3.6","8.8.8.8","ICMP","42","Echo (ping) request  id=0x0000, seq=0/0, ttl=42 (reply in 221)"
"222","25.817678","192.168.3.6","8.8.8.8","ICMP","42","Echo (ping) request  id=0x0000, seq=0/0, ttl=42 (reply in 223)"
"224","26.320201","192.168.3.6","8.8.8.8","ICMP","42","Echo (ping) request  id=0x0000, seq=0/0, ttl=42 (no response found!)"
"225","26.321976","192.168.3.6","8.8.8.8","ICMP","42","Echo (ping) request  id=0x0000, seq=0/0, ttl=42 (reply in 226)"
"228","26.825862","192.168.3.6","8.8.8.8","ICMP","42","Echo (ping) request  id=0x0000, seq=0/0, ttl=42 (reply in 229)"
"230","27.329500","192.168.3.6","8.8.8.8","ICMP","42","Echo (ping) request  id=0x0000, seq=0/0, ttl=42 (no response found!)"
"231","27.332108","192.168.3.6","8.8.8.8","ICMP","42","Echo (ping) request  id=0x0000, seq=0/0, ttl=42 (no response found!)"
"232","27.334012","192.168.3.6","8.8.8.8","ICMP","42","Echo (ping) request  id=0x0000, seq=0/0, ttl=42 (reply in 233)"
"236","27.836794","192.168.3.6","8.8.8.8","ICMP","42","Echo (ping) request  id=0x0000, seq=0/0, ttl=42 (reply in 237)"
"238","28.339948","192.168.3.6","8.8.8.8","ICMP","42","Echo (ping) request  id=0x0000, seq=0/0, ttl=42 (reply in 239)"
"240","28.843104","192.168.3.6","8.8.8.8","ICMP","42","Echo (ping) request  id=0x0000, seq=0/0, ttl=42 (no response found!)"
"241","28.844954","192.168.3.6","8.8.8.8","ICMP","42","Echo (ping) request  id=0x0000, seq=0/0, ttl=42 (no response found!)"
"242","28.846887","192.168.3.6","8.8.8.8","ICMP","42","Echo (ping) request  id=0x0000, seq=0/0, ttl=42 (no response found!)"
"243","28.848579","192.168.3.6","8.8.8.8","ICMP","42","Echo (ping) request  id=0x0000, seq=0/0, ttl=42 (reply in 244)"
"248","29.351691","192.168.3.6","8.8.8.8","ICMP","42","Echo (ping) request  id=0x0000, seq=0/0, ttl=42 (no response found!)"
"249","29.353586","192.168.3.6","8.8.8.8","ICMP","42","Echo (ping) request  id=0x0000, seq=0/0, ttl=42 (reply in 250)"
"252","29.856291","192.168.3.6","8.8.8.8","ICMP","42","Echo (ping) request  id=0x0000, seq=0/0, ttl=42 (reply in 253)"
"254","30.359051","192.168.3.6","8.8.8.8","ICMP","42","Echo (ping) request  id=0x0000, seq=0/0, ttl=42 (reply in 255)"
"256","30.861706","192.168.3.6","8.8.8.8","ICMP","42","Echo (ping) request  id=0x0000, seq=0/0, ttl=42 (no response found!)"
"257","30.863747","192.168.3.6","8.8.8.8","ICMP","42","Echo (ping) request  id=0x0000, seq=0/0, ttl=42 (no response found!)"
"258","30.865693","192.168.3.6","8.8.8.8","ICMP","42","Echo (ping) request  id=0x0000, seq=0/0, ttl=42 (reply in 259)"
"262","31.368624","192.168.3.6","8.8.8.8","ICMP","42","Echo (ping) request  id=0x0000, seq=0/0, ttl=42 (no response found!)"
"263","31.370330","192.168.3.6","8.8.8.8","ICMP","42","Echo (ping) request  id=0x0000, seq=0/0, ttl=42 (no response found!)"
"264","31.372163","192.168.3.6","8.8.8.8","ICMP","42","Echo (ping) request  id=0x0000, seq=0/0, ttl=42 (reply in 265)"
"268","31.876267","192.168.3.6","8.8.8.8","ICMP","42","Echo (ping) request  id=0x0000, seq=0/0, ttl=42 (no response found!)"
"269","31.879650","192.168.3.6","8.8.8.8","ICMP","42","Echo (ping) request  id=0x0000, seq=0/0, ttl=42 (reply in 270)"
"272","32.382719","192.168.3.6","8.8.8.8","ICMP","42","Echo (ping) request  id=0x0000, seq=0/0, ttl=42 (reply in 273)"
"274","32.885371","192.168.3.6","8.8.8.8","ICMP","42","Echo (ping) request  id=0x0000, seq=0/0, ttl=42 (no response found!)"
"275","32.887248","192.168.3.6","8.8.8.8","ICMP","42","Echo (ping) request  id=0x0000, seq=0/0, ttl=42 (reply in 276)"
"278","33.391288","192.168.3.6","8.8.8.8","ICMP","42","Echo (ping) request  id=0x0000, seq=0/0, ttl=42 (reply in 279)"
"280","33.895301","192.168.3.6","8.8.8.8","ICMP","42","Echo (ping) request  id=0x0000, seq=0/0, ttl=42 (no response found!)"
"281","33.897292","192.168.3.6","8.8.8.8","ICMP","42","Echo (ping) request  id=0x0000, seq=0/0, ttl=42 (reply in 282)"
"284","34.399994","192.168.3.6","8.8.8.8","ICMP","42","Echo (ping) request  id=0x0000, seq=0/0, ttl=42 (reply in 285)"
"286","34.903076","192.168.3.6","8.8.8.8","ICMP","42","Echo (ping) request  id=0x0000, seq=0/0, ttl=42 (reply in 287)"
"288","35.406215","192.168.3.6","8.8.8.8","ICMP","42","Echo (ping) request  id=0x0000, seq=0/0, ttl=42 (no response found!)"
"289","35.408758","192.168.3.6","8.8.8.8","ICMP","42","Echo (ping) request  id=0x0000, seq=0/0, ttl=42 (no response found!)"
"290","35.410774","192.168.3.6","8.8.8.8","ICMP","42","Echo (ping) request  id=0x0000, seq=0/0, ttl=42 (no response found!)"
"291","35.412550","192.168.3.6","8.8.8.8","ICMP","42","Echo (ping) request  id=0x0000, seq=0/0, ttl=42 (no response found!)"
"292","35.414269","192.168.3.6","8.8.8.8","ICMP","42","Echo (ping) request  id=0x0000, seq=0/0, ttl=42 (no response found!)"
"293","35.416174","192.168.3.6","8.8.8.8","ICMP","42","Echo (ping) request  id=0x0000, seq=0/0, ttl=42 (reply in 294)"
"300","35.919045","192.168.3.6","8.8.8.8","ICMP","42","Echo (ping) request  id=0x0000, seq=0/0, ttl=42 (no response found!)"
"301","35.921076","192.168.3.6","8.8.8.8","ICMP","42","Echo (ping) request  id=0x0000, seq=0/0, ttl=42 (reply in 302)"
"304","36.424005","192.168.3.6","8.8.8.8","ICMP","42","Echo (ping) request  id=0x0000, seq=0/0, ttl=42 (reply in 305)"
"306","36.928197","192.168.3.6","8.8.8.8","ICMP","42","Echo (ping) request  id=0x0000, seq=0/0, ttl=42 (no response found!)"
"307","36.931251","192.168.3.6","8.8.8.8","ICMP","42","Echo (ping) request  id=0x0000, seq=0/0, ttl=42 (reply in 308)"
"310","37.435380","192.168.3.6","8.8.8.8","ICMP","42","Echo (ping) request  id=0x0000, seq=0/0, ttl=42 (reply in 311)"
"312","37.938237","192.168.3.6","8.8.8.8","ICMP","42","Echo (ping) request  id=0x0000, seq=0/0, ttl=42 (no response found!)"
"313","37.940530","192.168.3.6","8.8.8.8","ICMP","42","Echo (ping) request  id=0x0000, seq=0/0, ttl=42 (reply in 314)"
"316","38.445154","192.168.3.6","8.8.8.8","ICMP","42","Echo (ping) request  id=0x0000, seq=0/0, ttl=42 (reply in 317)"
"318","38.947880","192.168.3.6","8.8.8.8","ICMP","42","Echo (ping) request  id=0x0000, seq=0/0, ttl=42 (reply in 319)"
"320","39.451667","192.168.3.6","8.8.8.8","ICMP","42","Echo (ping) request  id=0x0000, seq=0/0, ttl=42 (no response found!)"
"321","39.453368","192.168.3.6","8.8.8.8","ICMP","42","Echo (ping) request  id=0x0000, seq=0/0, ttl=42 (reply in 322)"
"324","39.956177","192.168.3.6","8.8.8.8","ICMP","42","Echo (ping) request  id=0x0000, seq=0/0, ttl=42 (reply in 325)"
"326","40.461194","192.168.3.6","8.8.8.8","ICMP","42","Echo (ping) request  id=0x0000, seq=0/0, ttl=42 (no response found!)"
"327","40.463224","192.168.3.6","8.8.8.8","ICMP","42","Echo (ping) request  id=0x0000, seq=0/0, ttl=42 (reply in 328)"
"330","40.967073","192.168.3.6","8.8.8.8","ICMP","42","Echo (ping) request  id=0x0000, seq=0/0, ttl=42 (reply in 331)"
"332","41.470292","192.168.3.6","8.8.8.8","ICMP","42","Echo (ping) request  id=0x0000, seq=0/0, ttl=42 (reply in 333)"
"334","41.973380","192.168.3.6","8.8.8.8","ICMP","42","Echo (ping) request  id=0x0000, seq=0/0, ttl=42 (reply in 335)"
"336","42.476396","192.168.3.6","8.8.8.8","ICMP","42","Echo (ping) request  id=0x0000, seq=0/0, ttl=42 (no response found!)"
"337","42.478260","192.168.3.6","8.8.8.8","ICMP","42","Echo (ping) request  id=0x0000, seq=0/0, ttl=42 (no response found!)"
"338","42.480393","192.168.3.6","8.8.8.8","ICMP","42","Echo (ping) request  id=0x0000, seq=0/0, ttl=42 (reply in 339)"
"342","42.984698","192.168.3.6","8.8.8.8","ICMP","42","Echo (ping) request  id=0x0000, seq=0/0, ttl=42 (no response found!)"
"343","42.986953","192.168.3.6","8.8.8.8","ICMP","42","Echo (ping) request  id=0x0000, seq=0/0, ttl=42 (no response found!)"
"344","42.988541","192.168.3.6","8.8.8.8","ICMP","42","Echo (ping) request  id=0x0000, seq=0/0, ttl=42 (reply in 345)"
"348","43.493172","192.168.3.6","8.8.8.8","ICMP","42","Echo (ping) request  id=0x0000, seq=0/0, ttl=42 (reply in 349)"
"350","43.996267","192.168.3.6","8.8.8.8","ICMP","42","Echo (ping) request  id=0x0000, seq=0/0, ttl=42 (reply in 351)"
"352","44.500535","192.168.3.6","8.8.8.8","ICMP","42","Echo (ping) request  id=0x0000, seq=0/0, ttl=42 (no response found!)"
"353","44.503902","192.168.3.6","8.8.8.8","ICMP","42","Echo (ping) request  id=0x0000, seq=0/0, ttl=42 (no response found!)"
"354","44.507172","192.168.3.6","8.8.8.8","ICMP","42","Echo (ping) request  id=0x0000, seq=0/0, ttl=42 (no response found!)"
"355","44.510103","192.168.3.6","8.8.8.8","ICMP","42","Echo (ping) request  id=0x0000, seq=0/0, ttl=42 (no response found!)"
"356","44.512143","192.168.3.6","8.8.8.8","ICMP","42","Echo (ping) request  id=0x0000, seq=0/0, ttl=42 (reply in 357)"
"362","45.016213","192.168.3.6","8.8.8.8","ICMP","42","Echo (ping) request  id=0x0000, seq=0/0, ttl=42 (reply in 363)"
"364","45.521297","192.168.3.6","8.8.8.8","ICMP","42","Echo (ping) request  id=0x0000, seq=0/0, ttl=42 (reply in 365)"
"366","46.025522","192.168.3.6","8.8.8.8","ICMP","42","Echo (ping) request  id=0x0000, seq=0/0, ttl=42 (reply in 367)"
"368","46.530111","192.168.3.6","8.8.8.8","ICMP","42","Echo (ping) request  id=0x0000, seq=0/0, ttl=42 (no response found!)"
"369","46.532583","192.168.3.6","8.8.8.8","ICMP","42","Echo (ping) request  id=0x0000, seq=0/0, ttl=42 (no response found!)"
"370","46.534790","192.168.3.6","8.8.8.8","ICMP","42","Echo (ping) request  id=0x0000, seq=0/0, ttl=42 (reply in 371)"
"374","47.038836","192.168.3.6","8.8.8.8","ICMP","42","Echo (ping) request  id=0x0000, seq=0/0, ttl=42 (reply in 375)"
"376","47.541802","192.168.3.6","8.8.8.8","ICMP","42","Echo (ping) request  id=0x0000, seq=0/0, ttl=42 (no response found!)"
"377","47.543981","192.168.3.6","8.8.8.8","ICMP","42","Echo (ping) request  id=0x0000, seq=0/0, ttl=42 (reply in 378)"
"380","48.048194","192.168.3.6","8.8.8.8","ICMP","42","Echo (ping) request  id=0x0000, seq=0/0, ttl=42 (reply in 381)"
"382","48.552844","192.168.3.6","8.8.8.8","ICMP","42","Echo (ping) request  id=0x0000, seq=0/0, ttl=42 (reply in 383)"
"384","49.056798","192.168.3.6","8.8.8.8","ICMP","42","Echo (ping) request  id=0x0000, seq=0/0, ttl=42 (no response found!)"
"385","49.058986","192.168.3.6","8.8.8.8","ICMP","42","Echo (ping) request  id=0x0000, seq=0/0, ttl=42 (reply in 386)"
"388","49.563028","192.168.3.6","8.8.8.8","ICMP","42","Echo (ping) request  id=0x0000, seq=0/0, ttl=42 (reply in 389)"
"390","50.067402","192.168.3.6","8.8.8.8","ICMP","42","Echo (ping) request  id=0x0000, seq=0/0, ttl=42 (no response found!)"
"391","50.070789","192.168.3.6","8.8.8.8","ICMP","42","Echo (ping) request  id=0x0000, seq=0/0, ttl=42 (no response found!)"
"392","50.072727","192.168.3.6","8.8.8.8","ICMP","42","Echo (ping) request  id=0x0000, seq=0/0, ttl=42 (reply in 393)"
"396","50.576255","192.168.3.6","8.8.8.8","ICMP","42","Echo (ping) request  id=0x0000, seq=0/0, ttl=42 (reply in 397)"
"398","51.080616","192.168.3.6","8.8.8.8","ICMP","42","Echo (ping) request  id=0x0000, seq=0/0, ttl=42 (reply in 399)"
"400","51.583718","192.168.3.6","8.8.8.8","ICMP","42","Echo (ping) request  id=0x0000, seq=0/0, ttl=42 (no response found!)"
"401","51.585390","192.168.3.6","8.8.8.8","ICMP","42","Echo (ping) request  id=0x0000, seq=0/0, ttl=42 (no response found!)"
"402","51.587085","192.168.3.6","8.8.8.8","ICMP","42","Echo (ping) request  id=0x0000, seq=0/0, ttl=42 (no response found!)"
"403","51.588729","192.168.3.6","8.8.8.8","ICMP","42","Echo (ping) request  id=0x0000, seq=0/0, ttl=42 (no response found!)"
"404","51.590250","192.168.3.6","8.8.8.8","ICMP","42","Echo (ping) request  id=0x0000, seq=0/0, ttl=42 (reply in 405)"
"410","52.092930","192.168.3.6","8.8.8.8","ICMP","42","Echo (ping) request  id=0x0000, seq=0/0, ttl=42 (reply in 411)"
"412","52.595907","192.168.3.6","8.8.8.8","ICMP","42","Echo (ping) request  id=0x0000, seq=0/0, ttl=42 (no response found!)"
"413","52.597861","192.168.3.6","8.8.8.8","ICMP","42","Echo (ping) request  id=0x0000, seq=0/0, ttl=42 (reply in 414)"
"416","53.101919","192.168.3.6","8.8.8.8","ICMP","42","Echo (ping) request  id=0x0000, seq=0/0, ttl=42 (reply in 417)"
"418","53.606245","192.168.3.6","8.8.8.8","ICMP","42","Echo (ping) request  id=0x0000, seq=0/0, ttl=42 (no response found!)"
"419","53.608542","192.168.3.6","8.8.8.8","ICMP","42","Echo (ping) request  id=0x0000, seq=0/0, ttl=42 (reply in 420)"
"422","54.111596","192.168.3.6","8.8.8.8","ICMP","42","Echo (ping) request  id=0x0000, seq=0/0, ttl=42 (reply in 423)"
"424","54.616017","192.168.3.6","8.8.8.8","ICMP","42","Echo (ping) request  id=0x0000, seq=0/0, ttl=42 (reply in 425)"
"426","55.120406","192.168.3.6","8.8.8.8","ICMP","42","Echo (ping) request  id=0x0000, seq=0/0, ttl=42 (reply in 427)"
"428","55.625168","192.168.3.6","8.8.8.8","ICMP","42","Echo (ping) request  id=0x0000, seq=0/0, ttl=42 (reply in 429)"
"430","56.129258","192.168.3.6","8.8.8.8","ICMP","42","Echo (ping) request  id=0x0000, seq=0/0, ttl=42 (reply in 431)"
"432","56.633268","192.168.3.6","8.8.8.8","ICMP","42","Echo (ping) request  id=0x0000, seq=0/0, ttl=42 (no response found!)"
"433","56.636782","192.168.3.6","8.8.8.8","ICMP","42","Echo (ping) request  id=0x0000, seq=0/0, ttl=42 (no response found!)"
"434","56.638728","192.168.3.6","8.8.8.8","ICMP","42","Echo (ping) request  id=0x0000, seq=0/0, ttl=42 (reply in 435)"
"438","57.141755","192.168.3.6","8.8.8.8","ICMP","42","Echo (ping) request  id=0x0000, seq=0/0, ttl=42 (reply in 439)"
"440","57.645305","192.168.3.6","8.8.8.8","ICMP","42","Echo (ping) request  id=0x0000, seq=0/0, ttl=42 (reply in 441)"
"442","58.149308","192.168.3.6","8.8.8.8","ICMP","42","Echo (ping) request  id=0x0000, seq=0/0, ttl=42 (reply in 443)"
"444","58.652448","192.168.3.6","8.8.8.8","ICMP","42","Echo (ping) request  id=0x0000, seq=0/0, ttl=42 (no response found!)"
"445","58.654726","192.168.3.6","8.8.8.8","ICMP","42","Echo (ping) request  id=0x0000, seq=0/0, ttl=42 (reply in 446)"
"448","59.159010","192.168.3.6","8.8.8.8","ICMP","42","Echo (ping) request  id=0x0000, seq=0/0, ttl=42 (reply in 449)"
"450","59.661922","192.168.3.6","8.8.8.8","ICMP","42","Echo (ping) request  id=0x0000, seq=0/0, ttl=42 (no response found!)"
"451","59.664085","192.168.3.6","8.8.8.8","ICMP","42","Echo (ping) request  id=0x0000, seq=0/0, ttl=42 (reply in 452)"
"454","60.168376","192.168.3.6","8.8.8.8","ICMP","42","Echo (ping) request  id=0x0000, seq=0/0, ttl=42 (reply in 455)"
"456","60.671727","192.168.3.6","8.8.8.8","ICMP","42","Echo (ping) request  id=0x0000, seq=0/0, ttl=42 (reply in 457)"
"458","61.175271","192.168.3.6","8.8.8.8","ICMP","42","Echo (ping) request  id=0x0000, seq=0/0, ttl=42 (reply in 459)"
"460","61.679427","192.168.3.6","8.8.8.8","ICMP","42","Echo (ping) request  id=0x0000, seq=0/0, ttl=42 (no response found!)"
"461","61.681288","192.168.3.6","8.8.8.8","ICMP","42","Echo (ping) request  id=0x0000, seq=0/0, ttl=42 (reply in 462)"
"464","62.184270","192.168.3.6","8.8.8.8","ICMP","42","Echo (ping) request  id=0x0000, seq=0/0, ttl=42 (reply in 465)"
"466","62.687185","192.168.3.6","8.8.8.8","ICMP","42","Echo (ping) request  id=0x0000, seq=0/0, ttl=42 (no response found!)"
"467","62.688871","192.168.3.6","8.8.8.8","ICMP","42","Echo (ping) request  id=0x0000, seq=0/0, ttl=42 (no response found!)"
"468","62.690701","192.168.3.6","8.8.8.8","ICMP","42","Echo (ping) request  id=0x0000, seq=0/0, ttl=42 (reply in 469)"
"472","63.193531","192.168.3.6","8.8.8.8","ICMP","42","Echo (ping) request  id=0x0000, seq=0/0, ttl=42 (reply in 473)"
"474","63.697548","192.168.3.6","8.8.8.8","ICMP","42","Echo (ping) request  id=0x0000, seq=0/0, ttl=42 (reply in 475)"
"476","64.200419","192.168.3.6","8.8.8.8","ICMP","42","Echo (ping) request  id=0x0000, seq=0/0, ttl=42 (no response found!)"
"477","64.202282","192.168.3.6","8.8.8.8","ICMP","42","Echo (ping) request  id=0x0000, seq=0/0, ttl=42 (reply in 478)"
"480","64.705297","192.168.3.6","8.8.8.8","ICMP","42","Echo (ping) request  id=0x0000, seq=0/0, ttl=42 (reply in 481)"
"482","65.208941","192.168.3.6","8.8.8.8","ICMP","42","Echo (ping) request  id=0x0000, seq=0/0, ttl=42 (no response found!)"
"483","65.212595","192.168.3.6","8.8.8.8","ICMP","42","Echo (ping) request  id=0x0000, seq=0/0, ttl=42 (no response found!)"
"484","65.215475","192.168.3.6","8.8.8.8","ICMP","42","Echo (ping) request  id=0x0000, seq=0/0, ttl=42 (no response found!)"
"485","65.218143","192.168.3.6","8.8.8.8","ICMP","42","Echo (ping) request  id=0x0000, seq=0/0, ttl=42 (reply in 486)"
"490","65.721791","192.168.3.6","8.8.8.8","ICMP","42","Echo (ping) request  id=0x0000, seq=0/0, ttl=42 (reply in 491)"
"492","66.225821","192.168.3.6","8.8.8.8","ICMP","42","Echo (ping) request  id=0x0000, seq=0/0, ttl=42 (no response found!)"
"493","66.229351","192.168.3.6","8.8.8.8","ICMP","42","Echo (ping) request  id=0x0000, seq=0/0, ttl=42 (reply in 494)"
"496","66.733320","192.168.3.6","8.8.8.8","ICMP","42","Echo (ping) request  id=0x0000, seq=0/0, ttl=42 (reply in 497)"
"498","67.236030","192.168.3.6","8.8.8.8","ICMP","42","Echo (ping) request  id=0x0000, seq=0/0, ttl=42 (no response found!)"
"499","67.237752","192.168.3.6","8.8.8.8","ICMP","42","Echo (ping) request  id=0x0000, seq=0/0, ttl=42 (no response found!)"
"500","67.240192","192.168.3.6","8.8.8.8","ICMP","42","Echo (ping) request  id=0x0000, seq=0/0, ttl=42 (reply in 501)"
"504","67.745153","192.168.3.6","8.8.8.8","ICMP","42","Echo (ping) request  id=0x0000, seq=0/0, ttl=42 (reply in 505)"
"506","68.247736","192.168.3.6","8.8.8.8","ICMP","42","Echo (ping) request  id=0x0000, seq=0/0, ttl=42 (reply in 507)"
"508","68.750417","192.168.3.6","8.8.8.8","ICMP","42","Echo (ping) request  id=0x0000, seq=0/0, ttl=42 (reply in 509)"
"510","69.253697","192.168.3.6","8.8.8.8","ICMP","42","Echo (ping) request  id=0x0000, seq=0/0, ttl=42 (reply in 511)"
"512","69.756737","192.168.3.6","8.8.8.8","ICMP","42","Echo (ping) request  id=0x0000, seq=0/0, ttl=42 (no response found!)"
"513","69.758763","192.168.3.6","8.8.8.8","ICMP","42","Echo (ping) request  id=0x0000, seq=0/0, ttl=42 (no response found!)"
"514","69.760445","192.168.3.6","8.8.8.8","ICMP","42","Echo (ping) request  id=0x0000, seq=0/0, ttl=42 (reply in 515)"
"518","70.263353","192.168.3.6","8.8.8.8","ICMP","42","Echo (ping) request  id=0x0000, seq=0/0, ttl=42 (no response found!)"
"519","70.264960","192.168.3.6","8.8.8.8","ICMP","42","Echo (ping) request  id=0x0000, seq=0/0, ttl=42 (no response found!)"
"520","70.266687","192.168.3.6","8.8.8.8","ICMP","42","Echo (ping) request  id=0x0000, seq=0/0, ttl=42 (reply in 521)"
"524","70.770802","192.168.3.6","8.8.8.8","ICMP","42","Echo (ping) request  id=0x0000, seq=0/0, ttl=42 (no response found!)"
"525","70.772672","192.168.3.6","8.8.8.8","ICMP","42","Echo (ping) request  id=0x0000, seq=0/0, ttl=42 (reply in 526)"
"528","71.277953","192.168.3.6","8.8.8.8","ICMP","42","Echo (ping) request  id=0x0000, seq=0/0, ttl=42 (reply in 529)"
"530","71.781201","192.168.3.6","8.8.8.8","ICMP","42","Echo (ping) request  id=0x0000, seq=0/0, ttl=42 (no response found!)"
"531","71.783215","192.168.3.6","8.8.8.8","ICMP","42","Echo (ping) request  id=0x0000, seq=0/0, ttl=42 (reply in 532)"
"534","72.285879","192.168.3.6","8.8.8.8","ICMP","42","Echo (ping) request  id=0x0000, seq=0/0, ttl=42 (reply in 535)"
"536","72.788770","192.168.3.6","8.8.8.8","ICMP","42","Echo (ping) request  id=0x0000, seq=0/0, ttl=42 (no response found!)"
"537","72.790898","192.168.3.6","8.8.8.8","ICMP","42","Echo (ping) request  id=0x0000, seq=0/0, ttl=42 (reply in 538)"
"540","73.294143","192.168.3.6","8.8.8.8","ICMP","42","Echo (ping) request  id=0x0000, seq=0/0, ttl=42 (no response found!)"
"541","73.296323","192.168.3.6","8.8.8.8","ICMP","42","Echo (ping) request  id=0x0000, seq=0/0, ttl=42 (reply in 542)"
"544","73.800503","192.168.3.6","8.8.8.8","ICMP","42","Echo (ping) request  id=0x0000, seq=0/0, ttl=42 (reply in 545)"
"546","74.304652","192.168.3.6","8.8.8.8","ICMP","42","Echo (ping) request  id=0x0000, seq=0/0, ttl=42 (no response found!)"
"547","74.308090","192.168.3.6","8.8.8.8","ICMP","42","Echo (ping) request  id=0x0000, seq=0/0, ttl=42 (no response found!)"
"548","74.311147","192.168.3.6","8.8.8.8","ICMP","42","Echo (ping) request  id=0x0000, seq=0/0, ttl=42 (no response found!)"
"549","74.312872","192.168.3.6","8.8.8.8","ICMP","42","Echo (ping) request  id=0x0000, seq=0/0, ttl=42 (reply in 550)"
"554","74.815776","192.168.3.6","8.8.8.8","ICMP","42","Echo (ping) request  id=0x0000, seq=0/0, ttl=42 (reply in 555)"
"556","75.319970","192.168.3.6","8.8.8.8","ICMP","42","Echo (ping) request  id=0x0000, seq=0/0, ttl=42 (reply in 557)"
"558","75.823089","192.168.3.6","8.8.8.8","ICMP","42","Echo (ping) request  id=0x0000, seq=0/0, ttl=42 (reply in 559)"
"560","76.326297","192.168.3.6","8.8.8.8","ICMP","42","Echo (ping) request  id=0x0000, seq=0/0, ttl=42 (no response found!)"
"561","76.328848","192.168.3.6","8.8.8.8","ICMP","42","Echo (ping) request  id=0x0000, seq=0/0, ttl=42 (no response found!)"
"562","76.331365","192.168.3.6","8.8.8.8","ICMP","42","Echo (ping) request  id=0x0000, seq=0/0, ttl=42 (reply in 563)"
"566","76.835644","192.168.3.6","8.8.8.8","ICMP","42","Echo (ping) request  id=0x0000, seq=0/0, ttl=42 (no response found!)"
"567","76.839518","192.168.3.6","8.8.8.8","ICMP","42","Echo (ping) request  id=0x0000, seq=0/0, ttl=42 (no response found!)"
"568","76.841813","192.168.3.6","8.8.8.8","ICMP","42","Echo (ping) request  id=0x0000, seq=0/0, ttl=42 (reply in 569)"
"572","77.344763","192.168.3.6","8.8.8.8","ICMP","42","Echo (ping) request  id=0x0000, seq=0/0, ttl=42 (reply in 573)"
"574","77.847589","192.168.3.6","8.8.8.8","ICMP","42","Echo (ping) request  id=0x0000, seq=0/0, ttl=42 (reply in 575)"
"576","78.350728","192.168.3.6","8.8.8.8","ICMP","42","Echo (ping) request  id=0x0000, seq=0/0, ttl=42 (no response found!)"
"577","78.352646","192.168.3.6","8.8.8.8","ICMP","42","Echo (ping) request  id=0x0000, seq=0/0, ttl=42 (no response found!)"
"578","78.354747","192.168.3.6","8.8.8.8","ICMP","42","Echo (ping) request  id=0x0000, seq=0/0, ttl=42 (no response found!)"
"579","78.356539","192.168.3.6","8.8.8.8","ICMP","42","Echo (ping) request  id=0x0000, seq=0/0, ttl=42 (no response found!)"
"580","78.358352","192.168.3.6","8.8.8.8","ICMP","42","Echo (ping) request  id=0x0000, seq=0/0, ttl=42 (reply in 581)"
"586","78.862325","192.168.3.6","8.8.8.8","ICMP","42","Echo (ping) request  id=0x0000, seq=0/0, ttl=42 (reply in 587)"
"588","79.365783","192.168.3.6","8.8.8.8","ICMP","42","Echo (ping) request  id=0x0000, seq=0/0, ttl=42 (reply in 589)"
"590","79.868781","192.168.3.6","8.8.8.8","ICMP","42","Echo (ping) request  id=0x0000, seq=0/0, ttl=42 (reply in 591)"
"592","80.372125","192.168.3.6","8.8.8.8","ICMP","42","Echo (ping) request  id=0x0000, seq=0/0, ttl=42 (no response found!)"
"593","80.374034","192.168.3.6","8.8.8.8","ICMP","42","Echo (ping) request  id=0x0000, seq=0/0, ttl=42 (reply in 594)"
"596","80.878138","192.168.3.6","8.8.8.8","ICMP","42","Echo (ping) request  id=0x0000, seq=0/0, ttl=42 (reply in 597)"
"598","81.381406","192.168.3.6","8.8.8.8","ICMP","42","Echo (ping) request  id=0x0000, seq=0/0, ttl=42 (no response found!)"
"599","81.383903","192.168.3.6","8.8.8.8","ICMP","42","Echo (ping) request  id=0x0000, seq=0/0, ttl=42 (reply in 600)"
"602","81.886942","192.168.3.6","8.8.8.8","ICMP","42","Echo (ping) request  id=0x0000, seq=0/0, ttl=42 (reply in 603)"
"604","82.391497","192.168.3.6","8.8.8.8","ICMP","42","Echo (ping) request  id=0x0000, seq=0/0, ttl=42 (reply in 605)"
"606","82.896423","192.168.3.6","8.8.8.8","ICMP","42","Echo (ping) request  id=0x0000, seq=0/0, ttl=42 (reply in 607)"
"608","83.399610","192.168.3.6","8.8.8.8","ICMP","42","Echo (ping) request  id=0x0000, seq=0/0, ttl=42 (no response found!)"
"609","83.401312","192.168.3.6","8.8.8.8","ICMP","42","Echo (ping) request  id=0x0000, seq=0/0, ttl=42 (no response found!)"
"610","83.403135","192.168.3.6","8.8.8.8","ICMP","42","Echo (ping) request  id=0x0000, seq=0/0, ttl=42 (reply in 611)"
"614","83.905693","192.168.3.6","8.8.8.8","ICMP","42","Echo (ping) request  id=0x0000, seq=0/0, ttl=42 (reply in 615)"
"616","84.408461","192.168.3.6","8.8.8.8","ICMP","42","Echo (ping) request  id=0x0000, seq=0/0, ttl=42 (reply in 617)"
"618","84.911395","192.168.3.6","8.8.8.8","ICMP","42","Echo (ping) request  id=0x0000, seq=0/0, ttl=42 (reply in 619)"
"620","85.415656","192.168.3.6","8.8.8.8","ICMP","42","Echo (ping) request  id=0x0000, seq=0/0, ttl=42 (reply in 621)"
"622","85.920249","192.168.3.6","8.8.8.8","ICMP","42","Echo (ping) request  id=0x0000, seq=0/0, ttl=42 (reply in 623)"
"624","86.425496","192.168.3.6","8.8.8.8","ICMP","42","Echo (ping) request  id=0x0000, seq=0/0, ttl=42 (no response found!)"
"625","86.429014","192.168.3.6","8.8.8.8","ICMP","42","Echo (ping) request  id=0x0000, seq=0/0, ttl=42 (no response found!)"
"626","86.431731","192.168.3.6","8.8.8.8","ICMP","42","Echo (ping) request  id=0x0000, seq=0/0, ttl=42 (no response found!)"
"627","86.433677","192.168.3.6","8.8.8.8","ICMP","42","Echo (ping) request  id=0x0000, seq=0/0, ttl=42 (no response found!)"
"628","86.435793","192.168.3.6","8.8.8.8","ICMP","42","Echo (ping) request  id=0x0000, seq=0/0, ttl=42 (no response found!)"
"629","86.437604","192.168.3.6","8.8.8.8","ICMP","42","Echo (ping) request  id=0x0000, seq=0/0, ttl=42 (reply in 630)"
"636","86.940105","192.168.3.6","8.8.8.8","ICMP","42","Echo (ping) request  id=0x0000, seq=0/0, ttl=42 (reply in 637)"
"638","87.442988","192.168.3.6","8.8.8.8","ICMP","42","Echo (ping) request  id=0x0000, seq=0/0, ttl=42 (reply in 639)"
"640","87.947227","192.168.3.6","8.8.8.8","ICMP","42","Echo (ping) request  id=0x0000, seq=0/0, ttl=42 (no response found!)"
"641","87.950363","192.168.3.6","8.8.8.8","ICMP","42","Echo (ping) request  id=0x0000, seq=0/0, ttl=42 (no response found!)"
"642","87.952266","192.168.3.6","8.8.8.8","ICMP","42","Echo (ping) request  id=0x0000, seq=0/0, ttl=42 (reply in 643)"
"646","88.456605","192.168.3.6","8.8.8.8","ICMP","42","Echo (ping) request  id=0x0000, seq=0/0, ttl=42 (no response found!)"
"647","88.458560","192.168.3.6","8.8.8.8","ICMP","42","Echo (ping) request  id=0x0000, seq=0/0, ttl=42 (reply in 648)"
"650","88.962279","192.168.3.6","8.8.8.8","ICMP","42","Echo (ping) request  id=0x0000, seq=0/0, ttl=42 (reply in 651)"
"652","89.467482","192.168.3.6","8.8.8.8","ICMP","42","Echo (ping) request  id=0x0000, seq=0/0, ttl=42 (no response found!)"
"653","89.470779","192.168.3.6","8.8.8.8","ICMP","42","Echo (ping) request  id=0x0000, seq=0/0, ttl=42 (reply in 654)"
"656","89.973560","192.168.3.6","8.8.8.8","ICMP","42","Echo (ping) request  id=0x0000, seq=0/0, ttl=42 (no response found!)"
"657","90.477494","192.168.3.6","8.8.8.8","ICMP","42","Echo (ping) request  id=0x0000, seq=0/0, ttl=42 (no response found!)"
"658","90.480843","192.168.3.6","8.8.8.8","ICMP","42","Echo (ping) request  id=0x0000, seq=0/0, ttl=42 (no response found!)"
"659","90.482721","192.168.3.6","8.8.8.8","ICMP","42","Echo (ping) request  id=0x0000, seq=0/0, ttl=42 (no response found!)"
"660","90.484435","192.168.3.6","8.8.8.8","ICMP","42","Echo (ping) request  id=0x0000, seq=0/0, ttl=42 (no response found!)"
"661","90.486110","192.168.3.6","8.8.8.8","ICMP","42","Echo (ping) request  id=0x0000, seq=0/0, ttl=42 (reply in 662)"
"667","90.989933","192.168.3.6","8.8.8.8","ICMP","42","Echo (ping) request  id=0x0000, seq=0/0, ttl=42 (no response found!)"
"668","90.993512","192.168.3.6","8.8.8.8","ICMP","42","Echo (ping) request  id=0x0000, seq=0/0, ttl=42 (reply in 669)"
"671","91.497107","192.168.3.6","8.8.8.8","ICMP","42","Echo (ping) request  id=0x0000, seq=0/0, ttl=42 (no response found!)"
"672","91.501071","192.168.3.6","8.8.8.8","ICMP","42","Echo (ping) request  id=0x0000, seq=0/0, ttl=42 (reply in 673)"
"675","92.004110","192.168.3.6","8.8.8.8","ICMP","42","Echo (ping) request  id=0x0000, seq=0/0, ttl=42 (no response found!)"
"676","92.005914","192.168.3.6","8.8.8.8","ICMP","42","Echo (ping) request  id=0x0000, seq=0/0, ttl=42 (no response found!)"
"677","92.008081","192.168.3.6","8.8.8.8","ICMP","42","Echo (ping) request  id=0x0000, seq=0/0, ttl=42 (no response found!)"
"678","92.010207","192.168.3.6","8.8.8.8","ICMP","42","Echo (ping) request  id=0x0000, seq=0/0, ttl=42 (reply in 679)"
